id,label
330.jpg,painting
1442.jpg,engraving
i - 1361.jpeg,sculpture
0009.jpg,engraving
305.jpg,painting
i - 586.jpeg,drawings
1472.jpg,engraving
0623.jpg,drawings
i - 308.jpeg,drawings
4587_mainfoto_05.jpg,drawings
198.png,drawings
i - 6.jpeg,painting
2030.jpg,drawings
i - 534 20.26.19.jpeg,engraving
i - 767.jpeg,painting
i - 553.jpeg,drawings
1129.jpg,engraving
i - 454.jpeg,drawings
i - 1301.jpeg,sculpture
1319.jpg,iconography
1389.jpg,engraving
i - 572.jpeg,drawings
i - 1398.jpeg,engraving
0496.jpg,engraving
i - 1004.jpeg,engraving
i - 836.jpeg,sculpture
302.jpg,drawings
i - 1190.jpeg,drawings
2669_mainfoto_05.jpg,engraving
i - 1302.jpeg,sculpture
i - 89.jpeg,painting
0789.jpg,engraving
i - 482.jpeg,sculpture
i - 1098.jpeg,painting
i - 1448.jpeg,engraving
i - 730.jpeg,engraving
2337.jpg,engraving
0940.jpg,iconography
327.jpg,engraving
i - 779.jpeg,engraving
203.jpg,painting
i - 515.jpeg,sculpture
2112.jpg,engraving
i - 1389.jpeg,drawings
i - 959.jpeg,drawings
2311.jpg,drawings
i - 626.jpeg,engraving
0749.jpg,drawings
146 18.59.20.jpg,engraving
i - 134.jpeg,engraving
0474.jpg,drawings
i - 148.jpeg,drawings
1677.jpg,engraving
1522.jpg,engraving
i - 259.jpeg,drawings
1682.jpg,engraving
i - 1353.jpeg,engraving
0855.jpg,drawings
i - 321.jpeg,painting
2264.jpg,engraving
i - 795.jpeg,engraving
i - 746.jpeg,drawings
i - 464.jpeg,engraving
i - 778 20.26.19.jpeg,engraving
i - 1233.jpeg,sculpture
1327.jpg,engraving
652.jpg,engraving
0547.jpg,engraving
0006.jpg,engraving
547.jpeg,engraving
i - 545.jpeg,drawings
i - 395.jpeg,engraving
i - 110.jpeg,sculpture
i - 663.jpeg,engraving
1159.jpg,engraving
i - 319.jpeg,engraving
i - 729.jpeg,sculpture
i - 1296.jpeg,engraving
236.jpg,engraving
i - 537.jpeg,drawings
350 18.59.20.jpg,engraving
2352.jpg,drawings
i - 995.jpeg,drawings
0201.jpg,engraving
i - 669.jpeg,engraving
i - 1115.jpeg,engraving
2024.jpg,drawings
0612.jpg,iconography
1662.jpg,engraving
224.png,drawings
i - 432.jpeg,sculpture
i - 445.jpeg,engraving
i - 421.jpeg,painting
i - 1063.jpeg,sculpture
i - 902.jpeg,engraving
i - 1313.jpeg,sculpture
i - 190.jpeg,drawings
i - 960.jpeg,drawings
i - 1185 20.25.37.jpeg,engraving
i - 762.jpeg,drawings
i - 901.jpeg,drawings
i - 162.jpeg,sculpture
i - 1174.jpeg,sculpture
i - 313.jpeg,engraving
i - 3.jpeg,engraving
2064.jpg,engraving
82.jpg,sculpture
0445.jpg,engraving
717.jpg,engraving
i - 370.jpeg,drawings
269.jpg,drawings
0348.jpg,drawings
0080.jpg,iconography
1844.jpg,iconography
i - 1415.jpeg,engraving
i - 160.jpeg,engraving
0451.jpg,sculpture
i - 563.jpeg,painting
i - 1012.jpeg,engraving
1637.jpg,drawings
329.jpg,engraving
i - 195.jpeg,sculpture
2261.jpg,engraving
1836_mainfoto_05.jpg,engraving
i - 41.jpeg,painting
i - 1129.jpeg,sculpture
i - 557.jpeg,engraving
0814.jpg,engraving
1367.jpg,engraving
i - 1092.jpeg,painting
1664.jpg,engraving
i - 1539.jpeg,engraving
i - 886.jpeg,engraving
456.jpg,engraving
i - 401.jpeg,drawings
i - 1446.jpeg,engraving
71.jpg,painting
i - 891.jpeg,engraving
301.jpg,engraving
i - 896 20.26.19.jpeg,engraving
i - 679.jpeg,drawings
1116.jpg,engraving
i - 109.jpeg,drawings
1027.jpg,engraving
i - 1083.jpeg,engraving
265.jpg,painting
i - 348.jpeg,drawings
2641_mainfoto_05.jpg,engraving
i - 536.jpeg,drawings
i - 645.jpeg,sculpture
1766.jpg,engraving
i - 1091.jpeg,drawings
0838.jpg,engraving
0765.jpg,iconography
1753.jpg,engraving
i - 1417.jpeg,engraving
1647.jpg,engraving
i - 349.jpeg,drawings
0977.jpg,engraving
i - 426.jpeg,drawings
i - 1282.jpeg,drawings
1322.jpg,engraving
i - 286.jpeg,sculpture
5452_mainfoto_05.jpg,sculpture
i - 332.jpeg,sculpture
1155.jpg,engraving
1368.jpg,iconography
i - 458.jpeg,painting
0385.jpg,drawings
286.jpg,painting
258.jpg,engraving
i - 121.jpeg,painting
i - 1401.jpeg,drawings
i - 191.jpeg,painting
0479.jpg,engraving
i - 74.jpeg,sculpture
i - 916.jpeg,drawings
0793.jpg,iconography
i - 187.jpeg,drawings
i - 122.jpeg,engraving
2001.jpg,drawings
i - 241.jpeg,iconography
i - 1287.jpeg,engraving
i - 264.jpeg,engraving
i - 60.jpeg,painting
1761.jpg,engraving
i - 1406.jpeg,sculpture
0041.jpg,engraving
i - 1208.jpeg,drawings
i - 945.jpeg,engraving
0845.jpg,engraving
i - 456.jpeg,painting
images (47).jpeg,drawings
0380.jpg,engraving
i - 229.jpeg,sculpture
i - 1093.jpeg,sculpture
i - 627.jpeg,engraving
i - 827.jpeg,engraving
3460_mainfoto_05.jpg,drawings
i - 608.jpeg,sculpture
i - 462.jpeg,painting
i - 503.jpeg,engraving
i - 591.jpeg,engraving
1886.jpg,drawings
i - 22.jpeg,engraving
i - 1318.jpeg,painting
i - 1029.jpeg,drawings
i - 832.jpeg,engraving
0968.jpg,iconography
0372.jpg,engraving
9.jpg,engraving
i - 228.jpeg,sculpture
i - 676.jpeg,drawings
1056.jpg,iconography
241.jpg,sculpture
i - 1088.jpeg,engraving
i - 1555.jpeg,engraving
0124.jpg,drawings
111.png,engraving
372.png,painting
i - 647.jpeg,engraving
i - 78.jpeg,engraving
i - 845.jpeg,engraving
0738.jpg,engraving
595.jpg,engraving
i - 1535.jpeg,engraving
download (30).jpeg,engraving
0635.jpg,iconography
i - 204.jpeg,engraving
i - 869.jpeg,drawings
i - 1072.jpeg,engraving
0123.jpg,drawings
i - 236.jpeg,sculpture
i - 86.jpeg,engraving
5403_mainfoto_05.jpg,sculpture
i - 481.jpeg,drawings
i - 326.jpeg,drawings
i - 998.jpeg,engraving
i - 50.jpeg,engraving
i - 994.jpeg,drawings
1126.jpg,painting
i - 1045.jpeg,drawings
2157.jpg,engraving
images (4).jpeg,drawings
i - 324.jpeg,drawings
0291.jpg,engraving
0332.jpg,iconography
294.jpg,drawings
i - 981.jpeg,drawings
i - 283.jpeg,painting
0769.jpg,iconography
i - 552.jpeg,engraving
1016.jpg,engraving
i - 46.jpeg,sculpture
i - 1139.jpeg,sculpture
i - 98.jpeg,engraving
i - 1500.jpeg,sculpture
i - 73.jpeg,engraving
i - 589.jpeg,drawings
i - 1009.jpeg,engraving
i - 1385.jpeg,sculpture
1210.jpg,engraving
i - 447.jpeg,engraving
i - 312.jpeg,drawings
97.jpg,sculpture
i - 178.jpeg,sculpture
i - 206.jpeg,drawings
i - 16.jpeg,engraving
i - 322.jpeg,engraving
i - 1214.jpeg,sculpture
2042.jpg,engraving
0137.jpg,engraving
i - 1325.jpeg,engraving
1504.jpg,drawings
i - 1492.jpeg,engraving
2217.jpg,engraving
i - 40.jpeg,painting
1939.jpg,engraving
126.jpeg,engraving
images (38).jpeg,drawings
2130.jpg,engraving
0279.jpg,engraving
images (21).jpeg,drawings
2331.jpg,sculpture
i - 17.jpeg,engraving
i - 787.jpeg,engraving
307.jpg,painting
i - 522.jpeg,engraving
i - 132.jpeg,engraving
i - 403.jpeg,drawings
i - 1131.jpeg,drawings
i - 461.jpeg,painting
i - 12.jpeg,painting
2017.jpg,engraving
i - 358.jpeg,drawings
0511.jpg,engraving
i - 1037.jpeg,engraving
i - 653.jpeg,drawings
210.jpg,engraving
i - 410.jpeg,drawings
3148_mainfoto_05.jpg,engraving
i - 957.jpeg,drawings
i - 1073.jpeg,engraving
i - 211.jpeg,engraving
i - 1462.jpeg,engraving
i - 1444.jpeg,engraving
1879.jpg,engraving
i - 258.jpeg,painting
i - 415.jpeg,painting
199.jpg,drawings
0310.jpg,drawings
1993.jpg,iconography
i - 815.jpeg,engraving
1023.jpg,drawings
i - 1336.jpeg,sculpture
2203.jpg,engraving
i - 353.jpeg,engraving
i - 859.jpeg,sculpture
i - 1077.jpeg,engraving
i - 618.jpeg,engraving
i - 144.jpeg,drawings
1805.jpg,sculpture
167.jpg,painting
i - 159.jpeg,painting
2128.jpg,drawings
737.jpg,engraving
312.jpg,drawings
602.jpg,engraving
i - 558.jpeg,drawings
i - 810.jpeg,engraving
i - 819.jpeg,engraving
1456.jpg,sculpture
3399_mainfoto_05.jpg,sculpture
i - 1243.jpeg,engraving
i - 864.jpeg,engraving
i - 1234.jpeg,engraving
600.jpg,engraving
275.jpg,engraving
1856.jpg,drawings
629.jpg,engraving
1641.jpg,engraving
216.jpg,drawings
i - 1502.jpeg,drawings
i - 366 20.26.19.jpeg,engraving
335.jpg,drawings
i - 331.jpeg,engraving
i - 45.jpeg,sculpture
i - 814.jpeg,engraving
i - 281.jpeg,painting
i - 1015.jpeg,engraving
1448.jpg,drawings
111.jpg,sculpture
439.jpg,engraving
i - 402.jpeg,drawings
i - 428.jpeg,engraving
592.jpg,engraving
517.png,drawings
i - 276.jpeg,engraving
images (56).jpeg,drawings
i - 630.jpeg,engraving
i - 429.jpeg,painting
i - 1279.jpeg,sculpture
i - 450.jpeg,drawings
i - 620.jpeg,sculpture
i - 290.jpeg,engraving
0208.jpg,engraving
i - 953.jpeg,drawings
i - 1154.jpeg,sculpture
i - 496.jpeg,drawings
1292.jpg,engraving
i - 1480.jpeg,engraving
i - 253.jpeg,sculpture
i - 1263.jpeg,engraving
i - 141.jpeg,drawings
i - 772.jpeg,engraving
0240.jpg,iconography
2294.jpg,iconography
0782.jpg,engraving
i - 494.jpeg,engraving
i - 297.jpeg,engraving
1852.jpg,drawings
1802.jpg,engraving
i - 781.jpeg,drawings
images (73).jpeg,painting
1069.jpg,iconography
0561.jpg,sculpture
2245.jpg,engraving
i - 374.jpeg,engraving
i - 773.jpeg,sculpture
4427_mainfoto_05.jpg,sculpture
i - 1250.jpeg,engraving
i - 1501.jpeg,sculpture
0358.jpg,engraving
i - 1159.jpeg,drawings
i - 1371.jpeg,sculpture
i - 574.jpeg,engraving
i - 911.jpeg,engraving
2263.jpg,engraving
i - 471.jpeg,engraving
2306.jpg,sculpture
i - 937.jpeg,sculpture
2328_mainfoto_05.jpg,engraving
1434.jpg,engraving
1926.jpg,drawings
i - 371.jpeg,engraving
i - 1317.jpeg,engraving
171.jpg,painting
i - 1388.jpeg,sculpture
278.jpg,drawings
i - 1201.jpeg,drawings
402.jpg,engraving
i - 900.jpeg,painting
2070.jpg,engraving
images (45).jpeg,drawings
i - 866.jpeg,engraving
i - 505.jpeg,painting
i - 4.jpeg,painting
7.jpg,sculpture
i - 912.jpeg,engraving
i - 385.jpeg,engraving
i - 484.jpeg,drawings
2364.jpg,iconography
1877.jpg,drawings
i - 964.jpeg,sculpture
606.jpg,engraving
i - 909.jpeg,engraving
i - 562.jpeg,painting
0899.jpg,drawings
1656_mainfoto_05.jpg,engraving
272.jpg,engraving
i - 379.jpeg,engraving
i - 355.jpeg,painting
1746.jpg,engraving
i - 1200.jpeg,drawings
i - 357.jpeg,drawings
1067.jpg,engraving
4428_mainfoto_05.jpg,sculpture
375.jpg,painting
0017.jpg,engraving
i - 1258 20.26.47.jpeg,sculpture
i - 1241.jpeg,engraving
0088.jpg,engraving
i - 131.jpeg,sculpture
1898.jpg,drawings
i - 240.jpeg,engraving
i - 408.jpeg,engraving
0289.jpg,engraving
i - 564.jpeg,drawings
0712.jpg,engraving
1264.jpg,engraving
337.jpg,engraving
i - 480.jpeg,drawings
i - 1305.jpeg,sculpture
0454.jpg,engraving
i - 894.jpeg,engraving
i - 846.jpeg,sculpture
347.jpg,drawings
349.jpg,engraving
i - 1499.jpeg,sculpture
i - 1460.jpeg,engraving
1831.jpg,engraving
i - 63.jpeg,painting
i - 637.jpeg,engraving
1598.jpg,drawings
0985.jpg,engraving
i - 610.jpeg,sculpture
i - 789.jpeg,drawings
i - 1503.jpeg,engraving
2094.jpg,iconography
i - 512.jpeg,drawings
i - 1183.jpeg,sculpture
i - 120.jpeg,sculpture
i - 1051.jpeg,engraving
0632.jpg,iconography
i - 441.jpeg,drawings
2358.jpg,engraving
i - 702.jpeg,drawings
i - 813.jpeg,engraving
251.jpg,sculpture
1165.jpg,iconography
i - 1295.jpeg,engraving
1554.jpg,drawings
2202_mainfoto_05.jpg,drawings
1937.jpg,drawings
i - 221.jpeg,drawings
2014.jpg,engraving
6917_mainfoto_05.jpg,engraving
i - 44.jpeg,sculpture
i - 835.jpeg,engraving
1607.jpg,drawings
0659.jpg,engraving
i - 602.jpeg,painting
577.jpg,engraving
377.jpg,sculpture
i - 475.jpeg,engraving
i - 316.jpeg,sculpture
i - 621.jpeg,sculpture
2313.jpg,engraving
i - 1289.jpeg,sculpture
i - 446.jpeg,painting
i - 852.jpeg,drawings
i - 58.jpeg,painting
66.jpg,sculpture
1055.jpg,engraving
0861.jpg,sculpture
images (48).jpeg,painting
i - 790.jpeg,engraving
i - 513.jpeg,drawings
i - 623.jpeg,drawings
i - 369.jpeg,painting
i - 801.jpeg,engraving
2233.jpg,sculpture
images (9).jpeg,drawings
2222.jpg,engraving
i - 1360.jpeg,engraving
i - 943.jpeg,sculpture
0999.jpg,drawings
1739.jpg,engraving
2.jpg,sculpture
2265.jpg,iconography
249.jpg,painting
i - 1001.jpeg,drawings
i (80).jpeg,sculpture
25.jpg,engraving
i - 1232.jpeg,sculpture
1351.jpg,engraving
143.jpg,painting
i - 556.jpeg,drawings
10.jpg,painting
i - 420.jpeg,engraving
i - 581.jpeg,sculpture
i - 878.jpeg,sculpture
160.jpg,drawings
0835.jpg,engraving
1923.jpg,drawings
i - 186.jpeg,painting
0352.jpg,engraving
0313.jpg,engraving
i - 75.jpeg,drawings
2056.jpg,drawings
1909.jpg,drawings
i - 812.jpeg,drawings
i - 587.jpeg,painting
1694.jpg,iconography
i - 688.jpeg,sculpture
i - 115.jpeg,drawings
i - 755.jpeg,sculpture
1276.jpg,iconography
1771.jpg,engraving
i - 913.jpeg,engraving
i - 150.jpeg,engraving
i - 96.jpeg,painting
1869.jpg,iconography
i - 1078.jpeg,engraving
i - 1014.jpeg,engraving
1223.jpg,drawings
i - 693.jpeg,sculpture
267.jpg,painting
i - 26.jpeg,engraving
i - 1176.jpeg,drawings
i - 692.jpeg,sculpture
i - 1440.jpeg,engraving
2235.jpg,drawings
i - 680.jpeg,engraving
images (2).jpeg,drawings
i - 137.jpeg,painting
i - 185.jpeg,drawings
i - 549.jpeg,engraving
0572.jpg,engraving
0245.jpg,engraving
i - 799.jpeg,engraving
i - 920.jpeg,engraving
0827.jpg,engraving
396.jpg,engraving
i - 651.jpeg,sculpture
i - 288.jpeg,drawings
i - 1124.jpeg,drawings
0811.jpg,drawings
0307.jpg,sculpture
i - 325.jpeg,engraving
i - 1434.jpeg,engraving
i - 541.jpeg,sculpture
i - 1100.jpeg,sculpture
1355.jpg,drawings
0870.jpg,engraving
1676.jpg,drawings
44.jpg,sculpture
i - 268.jpeg,engraving
i - 893.jpeg,sculpture
i - 830.jpeg,engraving
187.jpg,engraving
1305.jpg,iconography
i - 296.jpeg,drawings
0012.jpg,engraving
451.jpg,engraving
197.jpg,engraving
i - 95.jpeg,sculpture
1735.jpg,drawings
280.jpg,drawings
1826.jpg,drawings
351 18.59.45.jpg,sculpture
0422.jpg,engraving
i - 85.jpeg,engraving
744.jpg,engraving
699.jpg,engraving
1236.jpg,sculpture
i - 1022.jpeg,engraving
1714.jpg,engraving
i - 975.jpeg,sculpture
i - 603.jpeg,drawings
0842.jpg,engraving
0732.jpg,engraving
i - 1242.jpeg,engraving
367.jpg,engraving
2276.jpg,sculpture
i - 983.jpeg,engraving
0453.jpg,engraving
i - 128.jpeg,sculpture
i - 1272.jpeg,sculpture
i - 1053.jpeg,drawings
i - 1478.jpeg,engraving
i - 551.jpeg,drawings
2072.jpg,engraving
1478.jpg,engraving
i - 434.jpeg,painting
i - 143.jpeg,painting
i - 802.jpeg,engraving
i - 807.jpeg,engraving
i - 383.jpeg,engraving
0136.jpg,engraving
2087.jpg,sculpture
132.jpg,engraving
27.jpg,sculpture
1620.jpg,engraving
155.jpg,sculpture
0280.jpg,engraving
i - 262.jpeg,painting
i - 1087.jpeg,engraving
1117.jpg,engraving
30.jpg,painting
2683_mainfoto_05.jpg,engraving
288.jpeg,drawings
0113.jpg,engraving
1859.jpg,sculpture
i - 1155.jpeg,painting
1009.jpg,drawings
1335.jpg,engraving
i - 194.jpeg,sculpture
i - 1059.jpeg,sculpture
101.jpg,drawings
0897.jpg,engraving
i - 1285.jpeg,sculpture
503.jpg,engraving
0284.jpg,drawings
1037.jpg,engraving
i - 1326.jpeg,engraving
0367.jpg,engraving
292.jpg,sculpture
290.jpg,sculpture
i - 884.jpeg,painting
0177.jpg,engraving
i - 699.jpeg,drawings
i - 560.jpeg,engraving
i - 1134.jpeg,engraving
i - 69.jpeg,painting
i - 226.jpeg,painting
0340.jpg,iconography
1154.jpg,engraving
i - 1259.jpeg,sculpture
i - 751.jpeg,drawings
i - 518.jpeg,engraving
0283.jpg,engraving
198.jpg,drawings
491.jpg,engraving
i - 1157.jpeg,engraving
i - 1387.jpeg,sculpture
1215.jpg,iconography
images (40).jpeg,drawings
5791_mainfoto_05.jpg,engraving
i - 79.jpeg,painting
i - 61.jpeg,painting
1684_mainfoto_05.jpg,painting
0577.jpg,engraving
0565.jpg,iconography
0813.jpg,engraving
1103.jpg,engraving
i - 1058.jpeg,engraving
i - 670.jpeg,engraving
1369.jpg,iconography
1711.jpg,engraving
1821.jpg,engraving
i - 157.jpeg,drawings
1804.jpg,drawings
i - 163.jpeg,drawings
i - 114.jpeg,painting
366.jpg,engraving
i - 905.jpeg,sculpture
233.jpg,painting
i - 1362.jpeg,drawings
107.jpg,painting
i - 660.jpeg,engraving
i - 272.jpeg,drawings
1222.jpg,engraving
719.jpg,engraving
i - 1005.jpeg,sculpture
i - 1060.jpeg,sculpture
i - 969.jpeg,engraving
2351.jpg,engraving
i - 465.jpeg,drawings
136.jpg,drawings
356.jpg,drawings
i - 29.jpeg,painting
i - 1475.jpeg,engraving
i - 1135 20.26.47.jpeg,sculpture
i - 427.jpeg,sculpture
18.jpg,drawings
215.jpg,sculpture
images (64).jpeg,drawings
i - 782.jpeg,drawings
0783.jpg,engraving
i - 314.jpeg,painting
1064.jpg,engraving
i - 768.jpeg,engraving
i - 578.jpeg,engraving
i - 2.jpeg,painting
i - 1128.jpeg,sculpture
i - 742.jpeg,engraving
2356.jpg,engraving
i - 1343.jpeg,engraving
4589_mainfoto_05.jpg,sculpture
i - 757.jpeg,drawings
i - 1034.jpeg,drawings
1213.jpg,engraving
i - 719.jpeg,engraving
i - 1192.jpeg,engraving
i - 1402.jpeg,engraving
146 18.59.45.jpg,painting
i - 1230.jpeg,sculpture
i - 189.jpeg,engraving
i - 476.jpeg,engraving
i - 1220.jpeg,engraving
i - 1163.jpeg,engraving
i - 1481.jpeg,engraving
4429_mainfoto_05.jpg,sculpture
i - 400.jpeg,painting
521.jpg,engraving
i - 1469.jpeg,engraving
i - 1065.jpeg,engraving
i - 477.jpeg,painting
0373.jpg,drawings
i - 1086.jpeg,engraving
113.jpg,sculpture
1560.jpg,engraving
i - 416.jpeg,engraving
0602.jpg,engraving
i - 776.jpeg,engraving
i - 27.jpeg,engraving
i - 452.jpeg,engraving
1182.jpg,drawings
i - 443.jpeg,sculpture
i - 442.jpeg,drawings
98.jpg,painting
139.jpg,painting
0145.jpg,engraving
0221.jpg,engraving
i - 158.jpeg,sculpture
i - 435.jpeg,drawings
1282.jpg,iconography
0480.jpg,engraving
0435.jpg,drawings
i - 650.jpeg,drawings
i - 179.jpeg,sculpture
0564.jpg,engraving
0039.jpg,engraving
i - 1170.jpeg,engraving
1394.jpg,iconography
56.png,painting
i - 392.jpeg,engraving
1260.jpg,iconography
i - 1073 20.26.19.jpeg,engraving
616.jpg,engraving
0944.jpg,iconography
i - 1168.jpeg,engraving
download (22).jpeg,drawings
0098.jpg,drawings
1510.jpg,drawings
i - 811.jpeg,painting
26.jpg,engraving
i - 396.jpeg,drawings
2095.jpg,engraving
i - 305.jpeg,sculpture
0808.jpg,engraving
i - 1143.jpeg,sculpture
379.jpg,engraving
i - 639.jpeg,engraving
i - 1123.jpeg,engraving
3429_mainfoto_05.jpg,drawings
i - 1204.jpeg,painting
